address,appear_count
GcmsHHG41giJYACYKrdxZp3kdKMZfg1UB7LaYzCzPxLJ,6
3GDyM2FXHReLV2J1xQm5AtivZdHocHJPLnwHmu2zpump,1
RhFVq1Zt81VvcoSEMSyCGZZv5SwBdA8MV7w4HEMpump,2
E23aYFpLrZtYBwJpBs9jagXYi5Sz6WGir6abpaSboop,3
2MDr15dTn6km3NWusFcnZyhq3vWpYDg7vWprghpzbonk,2
F57CfWvJkYFtG53kRhaQutDkTmswy9mxXi4zo52ppump,1
7mHCx9iXPJ7EJDbDAUGmej39Kme8cxZfeVi1EAvEpump,3
97uXZdavSESAgt4BmEPhqkBjetFKQM3yKE5n6FQLSubX,2
47MP6mzg1mkWawZcyPbXtLiikwcSvAqYMKukxRHvBbm5,3
Hgcw2Jgx7nf6NKbSgoupPiJiNna1GtsUUZCnUFNzpump,1
6g7SZhJJTZcfRVyfSj4JYLky3npTXVSJ8pRcdnSMJLTy,3
HtrvP4fG9KiFqFeu4f32RuZiwG3nmYwPkPZ61nAbpump,1
FFVcrc7wxCQ2HsxY6jhKNPwWUeKJsL472K28Vw16pump,1
Fe2WHy695dSWdkhbUiEDAuE7XqAYH46z8vnDaz9Wpump,1
5241BVJpTDscdFM5bTmeuchBcjXN5sasBywyF7onkJZP,2
4rwPNRSFgcS7EGphFdX7VwXuhjZGxph7gYyb7Zp2pump,5
3MadWqcN9cSrULn8ikDnan9mF3znoQmBPXtVy6BfSTDB,1
8oosbx7jJrZxm5m4ThKhBpvwwG4QpoAe6i4GiG19pump,6
BQX1cjcRHXmrqNtoFWwmE5bZj7RPneTmqXB979b2pump,4
GkeUTuaFB4oZADaqiCo3yauHNx9SxUNn8euHptEEbonk,3
C1NajeuDuiZqchrbVM2TsbAtbcEKhwQECuD4ETknfd1f,3
AiASC32J6AS5iyhDXC74c5GZAoVjyt6b36gV9AYtcH84,5
hqYtLoxviwGENvogcJ5324YTbYqW5H9LHtmQu5Jbonk,5
CniPCE4b3s8gSUPhUiyMjXnytrEqUrMfSsnbBjLCpump,6
8w6yhgsGKxfMZRPLNBBjgJQKRRGaXvgDAdhgQacEpump,1
qRUZaCpgxaRH1s5V6opjPA6Hnpv5BM37LqkDBw7pump,6
9Rgf7VrW8GfXk5mTs8Hj9T813vNT1VbzG68Sm4QeBnxZ,3
VTaqS4G29U5UUfYbXwzPjK4sDPcswuKZfMY34DbsGqb,1
2TJGNnPP26LzdSsFMUXDXohzfkDGiP1Y25yYW1FiCT5w,3
5i3WMss2Ldnkw3CnrBoGrkPiVwpAKuGoHULPdbaxpump,3
8hhRHZkoCwLojdSthxu3Ho5K2j4BZHnSZ93HZjd4Mxo6,6
5cQtbxhPTVQJVKKiQazpmQpSZzEJaZ86F55sFpYvpump,1
fRfKGCriduzDwSudCwpL7ySCEiboNuryhZDVJtr1a1C,6
F9NkJfxAqKBB6rqiRdXcTGyYVKgttSY8x3FsZtxadcVg,2
EsRfgsXH9uYVkH83bbnA25HnzSYiNo1HRd5ipfz2zsHn,1
FKBRnWDqnzLUJxM8odGYMhqQygMEseY4NcsBgqekLn6W,3
9SytRgEYHzqsNs1gaHexWF3Xwmp1WDhFvhdzYzpDpump,1
7GEQHkAp9WFNfBiMD8Aznoy3Cp3Fdz9ef2kv12HBpump,1
9Wkcek2EZFmJf5L2XmC5rfnNVBrdndbMe6yW8fbfbonk,3
63NnUkCeogrDpaSwUM1VooT7DYn3tU35SEWyb1o8pump,1
Abub8cRJviGWsv1qWjkR1wHqNdYjRenoaZxroFxbpump,3
H538xSX3ZzVWW9gq9d2Pz6m5eumPwDGvGLarKc1Hpump,3
CjqxraDuTMEcfhdqY8qEaMY43icdBrkt3EXciNVpump,6
JosjEXh69RckgSs2AWsN1xN8zmiSHxBuJjHLURJnHhg,2
3kFcVMAyEtd5cnXGm8Rwrv4nhK3JHTuy26bZHsh1pump,1
GqFt7kWwk5R8nz5pVBn5DXLqtD8o43uCA1Jscfhdpump,1
8jVcgXXUReoiFCDzDMEhftCvA7HWqLX6rNmZ6AxLpump,1
G2ZJP9EqTDo9oVeFCeab8ZPhLEnzUeiNry1ZLRBRpump,1
5SrwudGa1RHndbveXW1obMvH51Gh9amRRuMoPdqZpump,1
7ZoiJt345qwsxrKueGC8ZaZbqB7Kqn4E3XZ7gMY1ks2P,3
HqpgMxb6JGLe9svXrvZ4Hzmsvg9tqwrMmcmuNpmbpump,1
J5DzAP6j17bXBXykvkQVM5ntfyWAdL88okBQvDH9pump,1
GsYZvGgLyUdSiBMfwx5k5DRtotWLKKqsc4KVDPdaCuTY,1
14zP2ToQ79XWvc7FQpm4bRnp9d6Mp1rFfsUW3gpLcRX,2
A4LGQjgLomHTvmEswxgn8N4zVBTpUqTTdCMHpzqNSfyz,6
33mRAe2ScMtqRpoWLoATyYFSMbAv4ruVUvsmFgCa9uU2,1
6EXW1uMsNWX9e69Apw6DfFgnX3cc1AWjsQo75zDepump,6
CDBdbNqmrLu1PcgjrFG52yxg71QnFhBZcUE6PSFdbonk,6
HN8GGgzBFvuePPL3DGPg7uuq2dVgLApnNcW4pxY9a11o,3
8DepJPwpxwfba52Et7HW9Nuysmt9JvguByZZa1AjJPnf,1
9jUb38tuMqsCe328tM7kxFEm3wRpbo3MbXPJoFiTpump,6
EqtHo5CuUJS1LJdjhgeg8PCeHkXashyPBL6cEviUpump,1
F4K85LdGBtyZ2PvcmJBdpBXoJjdJtxqVNHsch4k1RQdv,2
HobHTXpK1KQf9o46G6hAX3rfyH3x7ovdnaF6p1MEpump,1
8RjvNhuXQNSZ5JPsLQFS6j2VEp2Mm7zm1Do9PfKGQWam,3
6jiJ39V5wGbfvrvVzufZLTdnMCDUa4W64C5qZuW8pump,1
GnXPZxKMmp7HTZwDTY3ur9RmXbkwGcPeS5LgsPwSpump,1
FasH397CeZLNYWkd3wWK9vrmjd1z93n3b59DssRXpump,1
Funyd2FCRxZMLy7RLmfmZGGayxcYJWyouEVp5K8mpump,1
5x9gkdQhDENBnpRKckJoZyXL1vDxKdhWF8tBRnTEpump,1
FxuVVWr2QQwXLK26gp6TTHqsM5mknYqw65X4vjoapump,1
3fP61JWqLxxrvBv5NSxJdAz4GtCB7UpfU3UFxZTgj1yG,2
4K258AB1ayX22w1oed4V5bc5u1WEBXYJ8EHyWXJPpump,1
3ZpD2ub5jngzJJiwzAdP5NJftJgH6YcrVxxKonR9pump,1
5niz1w25vZVhGzkKxS6wLAJ3GSPXmvgzNyEysrFzpump,1
8tBUx7LPnA2utkURbyWX85hUus3JhYU14svS3YfGpump,2
oR1P5q88dBSbdXiWqiTdaYduiNjD1LamsxBjqZQpump,5
GkyPYa7NnCFbduLknCfBfP7p8564X1VZhwZYJ6CZpump,5
HJ48yudYFvVgeejyVgu1XCfmdTeVenf671LNtzU3pump,1
4TBi66vi32S7J8X1A6eWfaLHYmUXu7CStcEmsJQdpump,5
65svCEvM4HdBHXKDxfhjm3yw1A6mKXkdS6HXWXDQTSNA,1
Ds1K683crskEEqyvpnwpYU1nF3qxjn1QmanRn52Zpump,3
Cz75ZtjwgZmr5J1VDBRTm5ZybZvEFR5DEdb8hEy59pWq,5
Ui1oZdwHNme7U9EsCyPm7bAXxzW8Br4WX9RnL1dpump,2
HSLUkJRxPwUs2cbTycsCHLMTyPmnfN7TYdWRDPdmpump,1
6H7NbbGdn2Jo5qpJeHvVECnVMPgD32AfsjcDLK3zjfmt,2
GMi12xiJteQX5cnQSFdGgaEfDeVqYykbzqrax1eHpump,1
FpLmehuruMiytiChr8ajKNhwxTqEFj1ZKkFEMpt6pump,2
9xdbMGsPFibwPJWuRWFGYdwMdDWT7NxJF2nao7B2pump,2
3shfVzKVVBMdbXwzxyqLCJF5GCme32pkfJroiBpBpump,5
Cy7rUZ5rK2ukitsAVVfK5Kn8t35TR417RRuURPWoRBAF,2
8qXGN8LSjJZKC6Gf5mgKpJKzSqaePmUcTaVQvHuApump,1
7JcJLMzqaZNrtc3E2YCp7L1txL2kkYHv5soRTsU4pump,2
5Ay2B67HdBJo89nGArMopjrugJdJXcmxNfxfsnTJpump,2
2XM1gVgHaLBqjpEi9Sp6Bp91ke3KqLLR6EAvTtyHpump,1
8ncucXv6U6epZKHPbgaEBcEK399TpHGKCquSt4RnmX4f,3
3Uc5UKqaEFAkeYw7bDRitEdWsTQyaPj1PmVEAo6bpump,1
FWAr6oWa6CHg6WUcXu8CqkmsdbhtEqL8t31QTonppump,2
FKNfAwb8TmjYkj11V4NiTz4TgrLWTWgm2NRwAD9epump,1
FkT2JJHDLL5eyBeeX7RjFevXSP5UDwRkiMCusg3ypump,4
9fw2AUi3r3eeySnQMtfgtxQaB3UowWVDR1VuBnTrpump,1
t1q7oiKDkNCs3oKnGMPzXVZ1J88iYTokfWq59gipump,1
SXC8oTmSEncxefLMr4bKHvboLdo2Xf2EpUg3e9Rpump,1
8mkUXS7Eu6ybjFL57bJgw2w745eHiNh6FwUxeAGUpump,1
GnsvKX2vLTup2JsRWME9x2q1Hne8otpvAGFWRYjnpump,3
8R41eFMK3d1P5oz3DyDdVo2maUedqW9yUBtuYFP8pump,1
94CH6tFmguo8RTCtqQyeNTep7gFuKG9vffTHtZFPpump,1
FTzLKwKyCQdjuDwqS99z5hHk4b9Qph3QHwzZuZS4pump,1
jDjBkYnLT7ruUziEkwWKYy9hVUjLtfkf7dY3PMarkEt,1
GgXKGRHFTRcrATG2pUKYJeZpB1u2fchnR6mjsyNWpump,1
GbJc874WV7ENkzFwtBRLuDHTCpGcd4p1jo927A6boop,1
GEwXLnsMhWpWedPLj7QqV7LG2xrTSiMZJ1rTxHd9pump,1
GLYUabrtoQ6Qz71ySPZypEKbmQahCbp56dnDQxASpump,1
9doRRAik5gvhbEwjbZDbZR6GxXSAfdoomyJR57xKpump,1
zbsAg2ReLe8xQgAnVm5xZDe1sg2jDxEQuxYgdErpump,1
2nwqjGDbEEJYJeUjmqN8HpmxS1EoXycKfBwAqFRYuBWx,1
7fCzCFoKfvK8G8A1X4vjGuKSvZXF27ZYUuuCaG7jpump,1
81YHAzq9yfptVbNTHiYuMVKVQ6ZNs3XeQFFENnNUpump,2
Dyv1hxk1VoxBturqWWoZT6JLvDAQ5iEkDSP5RW8Qpump,1
37fWH29soiTEzRbJ3U7jjvcyQ2gdtqR98hnXLWsQpump,1
5Ng8rxz1U1RhktwXUEW1ewEN6HN72MaUrRX8tietmoon,1
8TJidTfcsDSvZLV3JJizC7JmNDsqwDqsqnnBHhfepump,1
3wJExiVQTc9hDT6uEHjgeFDNvbf1btsmuior3U5Gpump,1
CKDCwYLY5Nh2WQbNCn3uNJFAx5UCQD4cTbteA47tpump,2
AGGiatrSZ3tjq4gLaXDBHrZDzQ2TmMNc45fapncMpump,2
Abp4pr6YHDTtmT2HUH9PZQPt3DGByXhGgi5kQHCppump,2
DUm14rjj3bXMQJvuGtWvmTJFZrZWFSJxw4y5ezbpump,2
34EbpQwow7UC7rXEV7QfLf4J7V3TXES2pw9eug7Zpump,2
F241tyRL8a46MxCrpTYk32hN3pNm6UAdHB8fHddZpump,2
1ga5Miy1bmhWdspGBfySvDMDJo3R5foYYZYDABcboop,2
Ai3eKAWjzKMV8wRwd41nVP83yqfbAVJykhvJVPxspump,3
cUZWEQYmFoFhBd8CqQhQKqtZSFDZbhee1GVJJvUpump,2
8h3jsXbvBRPKGGRPhoYRHr7ca8qH3tBeaE2S93X1pump,2
4q3fkC2uwYesJDsEDdTmfqmZMSM7dzonn14psR5upump,2
5fujj5KEuDSrP3fA1kKeb4BRwcJybh7ykTueEe3SPvxg,2
F4SJeUwojXkzUUDt9BpjwFLbvRdGHPVt5S1xeXthS3oy,3
B5dhzXyUEgmjTwgkx8aCDYmretv5Hvxsd4ApjuBZpump,2
BcXQxnWSNN1XrUuDnDtM2uCo4H83o9HinCcqraa1pump,2
4vFKioH3hFqUjHcUi6adC2syZRXAtnf7nVtqqtA3pump,2
12F73KDY6srsip1VDdHLnKWqXDxz9EWR1SBBJP3Cboop,2
HCW4Bv6b5LrNGMC6dd69CiG12D9YLX7fQz3gVUaCpump,2
E7Z5uJdXZ6xWMdWC4K7AxUof5MjFb8yhSVfGPSJk35SW,2
GyqMJy5VSFeb9bU63KmE85tCbDk3fKDf5Y4dXV8bpump,2
DCrwhb7f6LL4dtvsTty1PwT2wL5AoxHzuwYMUqM5pump,2
SWjRWeYMjv9akDkTRjexgGLhHTa2qeBNMEN3UW9pump,3
6N7CrWe6qNt27G4sHXcjQMMy6btKRb7i9n4RYkKboop,2
GkCfs9n8jLvuviiToewryCFa2rHQGKQv9FdnhTUEJtCH,2
CRVBXzWCMPAjMMjb73H5EZLBzu69ckATs7fFKV37BtKp,2
CkW11Yn5XjzwvhtLgk6kwAGndgmXSFTSj9dWkL4Apump,2
RzHkTJNJw9cLXbVSRHf9MhfBbJ8eKLaNPHwCzzoboop,2
E7Utvdm98CxJXRPfun7UdCBYWsxLPi7mFM93sthypump,2
6tsPM5Pop5QsbiJsSXQjkqEKZggVVyd6ft64nAfMpump,2
CFF79KBaX8GDi1rkX5GqzAnxXFKsJbjgcpHFQUNjpump,2
iRyhGbJjsH3gJVB9zyX6Jya75AZX1jHNX44uxrVpump,2
8WzDFPNjUSV7ZPpNiqKY8NcWH9J4tDSgSeifp6Kboop,2
AFMyfmGLmZ7VGfqbQ3aUaHtNQnH3mE4T1foJyimppump,3
9RBZH3VvhEMPYei4aGH9t2dLgDBoS8EdBKr98Dvfpump,2
R3LZR4x5RmCd4gFwQ6hqRGG1S5r9Bmd3xmk833bboop,2
2zvYh1BLjVMDAyFwedUiMedaVKX6mT61BoDNwgc8pump,2
4rjoKMxXay5NaVvFxdZWCQA71NnnTve6PupeBab3nW1f,1
Fgp2JaPkmw6WaNqVcfm1RxHBi2VUJCToxfAEE2wCpump,1
99c43XChT5VmC2BCpHB2tHiDEHs5pVbRmPVPgAoEpump,1
AVZoUcRMKKPdm7dbCmBhX17hiGvDZ7GVmkLvttNFpump,1
Eu3V5oR6u46C3DcWE1RtM7SzcpN7oS92DMDWBHaZpump,1
14jazxRjHyaYsGoFk1u3CZSmgswYginbtTK8Z9PAboop,1
EBPdRQ7TAjRi1KYjG9bVQiQ8BYDXbKZtrwPKQMRA7d5j,1
7tdvVHWcLqMgMRZ5rFo5fnQVvKnbHfjFx54BoVee8gTS,1
83CecMKTR5C8amizuDR7EbheJGYeHDCSUjtZRmG1pump,1
vv96jGJhGEqq5GU6q6zqpPrGMayZpGxQ35rrGEkpump,1
Apx7kXzDHmaUBX1rm7T6MP1P9zQuBXuhed5S9zCqpump,1
Ey59PH7Z4BFU4HjyKnyMdWt5GGN76KazTAwQihoUXRnk,1
GDTgPno7RrBibWgQFjWMy1vJEXWxQQASaCijg89dpump,1
A1UrE8WD9HiWUY2kcJtxu5JaAfZ8jaarC2P87zVJpump,1
GbZj8B2YPWw2istc916rxZCwUUFHrvZXxpx4uiFCpump,1
gW44x9v7UhdwCxexgj3kUa7Jg8UKnavt8psBvXHs4op,1
62jxKDMJrgaWEh32YrfwgVnvCHU2DhY8HZA7q2Cnpump,1
BtEjWsDv7TpVTTmEesHkyWzfghxoGMowkSMhrbSfpump,1
Gi2x9YbvoN2ewbLVPG5jyTEaajAp5MaWskV5Eo31pump,1
EDQcnf3pW21LJ4TNGgHrnFAkEN5vqEco6MVo7MYgbvs8,1
3Ubp2dXJ9X5oueMjpEeUHHDn7Vs31ZNLNd1YU9F2HT5h,1
76EDL5qNcte2ZH29quTaFzagXjWAEY83CATEjyA6pump,1
